;Titel;Autor_normalisiert;Jahr;Geschlecht;all_words_count
0;Marie Müller;Ahlefeld, Charlotte von;1799;f;42720
1;Erna;Ahlefeld, Charlotte von;1819;f;55886
2;Die Hosen des Herrn von Bredow;Alexis, Willibald;1846;m;110429
3;Ruhe ist die erste Bürgerpflicht;Alexis, Willibald;1852;m;309965
4;Schwester Monika;Anonym;1815;m;30762
5;Der Sternsteinhof;Anzengruber, Ludwig;1885;m;83961
6;Goethes Briefwechsel mit einem Kinde;Arnim, Bettina von;1835;f;174582
7;Die Günderode;Arnim, Bettina von;1840;f;147145
8;Clemens Brentanos Frühlingskranz;Arnim, Bettina von;1844;f;91833
9;Armut, Reichtum, Schuld und Buße der Gräfin Dolores;Arnim, Ludwig Achim von;1810;m;164919
10;Isabella von Ägypten;Arnim, Ludwig Achim von;1812;m;40155
11;Die Kronenwächter. Erster Band.;Arnim, Ludwig Achim von;1817;m;99938
12;Die Kronenwächter. Zweiter Band.;Arnim, Ludwig Achim von;1854;m;85502
13;Aus dem Leben einer Frau;Aston, Louise;1847;f;23511
14;Lydia;Aston, Louise;1848;f;50225
15;Revolution und Contrerevolution;Aston, Louise;1849;f;66708
16;Ivo der Hajrle;Auerbach, Berthold;1843;m;51053
17;Der Lautenbacher;Auerbach, Berthold;1843;m;25744
18;Die Frau Professorin;Auerbach, Berthold;1846;m;44072
19;Lucifer;Auerbach, Berthold;1849;m;47787
20;Brosi und Moni;Auerbach, Berthold;1853;m;39845
21;Die Geschichte des Diethelm von Buchenberg;Auerbach, Berthold;1853;m;65279
22;Der Lehnhold;Auerbach, Berthold;1854;m;56248
23;Barfüßele;Auerbach, Berthold;1856;m;62911
24;Die gute Schule;Bahr, Hermann;1890;m;53603
25;Flammetti;Ball, Hugo;1918;m;45852
26;Evremont;Bernhardi, Sophie;1822;f;223456
27;Stilpe. Ein Roman aus der Froschperspektive;Bierbaum, Otto Julius;1897;m;59192
28;Größenwahn;Bleibtreu, Karl;1888;m;242977
29;Fanny Förster;Boy-Ed, Ida;1889;f;69867
30;Vor der Ehe;Boy-Ed, Ida;1915;f;79405
31;Lebenssucher;Braun, Lily;1915;f;115202
32;Godwi oder Das steinerne Bild der Mutter;Brentano, Clemens;1801;m;132345
33;Mittheilungen aus den geheimen Memoiren einer deutschen Sängerin;Bruckbräu, Friedrich Wilhelm;1829;m;93713
34;Robinson, der Jüngere 1;Campe, Johann Heinrich;1779;m;44844
35;Robinson, der Jüngere 2;Campe, Johann Heinrich;1779;m;54308
36;Mathias Bichler;Christ, Lena;1914;f;69342
37;Die Rumplhanni;Christ, Lena;1916;f;51114
38;Madam Bäurin;Christ, Lena;1920;f;34740
39;Jungfer Mutter;Christen, Ada;1892;f;39223
40;Liebe und Irrthum ;Clauren;1827;m;45910
41;Was die Isar rauscht;Conrad, Michael Georg;1888;m;127054
42;Adam Mensch;Conradi, Hermann;1889;m;93943
43;Kampf um Rom;Dahn, Felix;1876;m;211785
44;Wie Frauen werden;Dohm, Hedwig;1894;f;31430
45;Sibilla Dalmar;Dohm, Hedwig;1896;f;80334
46;Schicksale einer Seele;Dohm, Hedwig;1899;f;87609
47;Christa Ruland;Dohm, Hedwig;1902;f;63343
48;Großstadt;Duncker, Dora;1900;f;71647
49;Bozena;Ebner-Eschenbach, Marie von;1876;f;62698
50;Lotti, die Uhrmacherin;Ebner-Eschenbach, Marie von;1880;f;33548
51;Das Gemeindekind;Ebner-Eschenbach, Marie von;1887;f;63884
52;Ein kleiner Roman;Ebner-Eschenbach, Marie von;1889;f;26368
53;Unsühnbar;Ebner-Eschenbach, Marie von;1890;f;57988
54;Agave;Ebner-Eschenbach, Marie von;1903;f;42219
55;Amalie. Eine wahre Geschichte in Briefen;Ehrmann, Marianne;1788;f;118040
56;Ninas Briefe an ihren Geliebten;Ehrmann, Marianne;1788;f;44039
57;Ahnung und Gegenwart;Eichendorff, Joseph von;1815;m;97126
58;Dichter und ihre Gesellen;Eichendorff, Joseph von;1834;m;76115
59;Herr Lorenz Stark;Engel, Johann Jakob;1795;m;44202
60;Der Taifun;Essig, Hermann;1919;m;99367
61;Reich und arm;Felder, Franz Michael;1868;m;112578
62;Vierzehn Tage in Paris;Fischer, Caroline Auguste;1801;f;13477
63;Gustavs Verirrungen;Fischer, Caroline Auguste;1801;f;19829
64;Die Honigmonathe;Fischer, Caroline Auguste;1802;f;33548
65;Der Günstling;Fischer, Caroline Auguste;1808;f;16603
66;Margarethe;Fischer, Caroline Auguste;1812;f;37967
67;Hannchens Hin- und Herzüge;Fischer, Christian August;1807;m;26154
68;Seefahrt ist not!;Fock, Gorch;1913;m;75497
69;Vor dem Sturm;Fontane, Theodor;1878;m;223243
70;Grete Minde;Fontane, Theodor;1879;m;32666
71;L Adultera;Fontane, Theodor;1880;m;44016
72;Ellernklipp;Fontane, Theodor;1881;m;38711
73;Schach von Wuthenow;Fontane, Theodor;1882;m;41862
74;Graf Petöfy;Fontane, Theodor;1884;m;59484
75;Unterm Birnbaum;Fontane, Theodor;1885;m;32707
76;Cécile;Fontane, Theodor;1887;m;55415
77;Irrungen, Wirrungen;Fontane, Theodor;1887;m;51573
78;Stine;Fontane, Theodor;1890;m;29682
79;Quitt;Fontane, Theodor;1890;m;80207
80;Unwiederbringlich;Fontane, Theodor;1892;m;81260
81;Frau Jenny Treibel;Fontane, Theodor;1892;m;59303
82;Effi Briest;Fontane, Theodor;1894;m;95396
83;Die Poggenpuhls;Fontane, Theodor;1895;m;31779
84;Der Stechlin;Fontane, Theodor;1897;m;125070
85;Mathilde Möhring;Fontane, Theodor;1906;m;32864
86;Rodrich;Fouqué, Caroline de la Motte;1807;f;66375
87;Die Frau des Falkensteins;Fouqué, Caroline de la Motte;1810;f;66689
88;Magie der Natur;Fouqué, Caroline de la Motte;1812;f;41957
89;Der Spanier und der Freiwillige in Paris;Fouqué, Caroline de la Motte;1814;f;34390
90;Resignation;Fouqué, Caroline de la Motte;1829;f;137835
91;Judith die Kluswirtin;François, Louise von;1862;f;45207
92;Die Geschichte meines Urgroßvaters;François, Louise von;1868;f;32170
93;Die letzte Reckenburgerin;François, Louise von;1871;f;92094
94;Stufenjahre eines Glücklichen;François, Louise von;1877;f;163874
95;Der Katzenjunker;François, Louise von;1879;f;42583
96;Leib Weihnachtskuchen und sein Kind;Franzos, Karl Emil;1896;m;59209
97;Der Pojaz;Franzos, Karl Emil;1905;m;139905
98;Wir Frauen haben kein Vaterland;Frapan, Ilse;1899;f;24163
99;Arbeit;Frapan, Ilse;1903;f;75560
100;Soll und Haben;Freytag, Gustav;1855;m;286598
101;Die verlorene Handschrift;Freytag, Gustav;1864;m;256064
102;Virginia oder Die Kolonie von Kentucky;Frölich, Henriette;1819;f;56975
103;Schloß Hubertus;Ganghofer, Ludwig;1895;m;161645
104;Der Ochsenkrieg;Ganghofer, Ludwig;1914;m;174909
105;Die Regulatoren in Arkansas. Aus dem Waldleben Amerikas;Gerstäcker, Friedrich;1846;m;146603
106;Die Flußpiraten des Mississippi. Aus dem Waldleben Amerikas.;Gerstäcker, Friedrich;1848;m;158064
107;Die Leiden des jungen Werther;Goethe, Johann Wolfgang;1774;m;39505
108;Wilhelm Meisters Lehrjahre;Goethe, Johann Wolfgang;1795;m;194211
109;Die Wahlverwandtschaften;Goethe, Johann Wolfgang;1809;m;79163
110;Wilhelm Meisters Wanderjahre;Goethe, Johann Wolfgang;1821;m;147362
111;Wie Uli der Knecht glücklich wird;Gotthelf, Jeremias;1841;m;133773
112;Geld und Geist;Gotthelf, Jeremias;1843;m;136250
113;Uli der Pächter;Gotthelf, Jeremias;1849;m;149766
114;Wally, die Zweiflerin;Gutzkow, Karl;1835;m;36183
115;Europäisches Sklavenleben;Hackländer, Friedrich Wilhelm von;1854;m;360529
116;Gräfin Faustine;Hahn-Hahn, Ida Gräfin von;1840;f;78046
117;Sibylle;Hahn-Hahn, Ida Gräfin von;1846;f;111328
118;Maria Regina;Hahn-Hahn, Ida Gräfin von;1860;f;228497
119;Usong;Haller, Albrecht von;1771;m;56139
120;Mitteilungen aus den Memoiren des Satan;Hauff, Wilhelm;1825;m;90187
121;Lichtenstein;Hauff, Wilhelm;1826;m;126161
122;Die Bettlerin vom Pont des Arts;Hauff, Wilhelm;1826;m;36651
123;Einhart der Lächler;Hauptmann, Carl;1915;m;87654
124;Ardinghello und die glückseligen Inseln;Heinse, Wilhelm;1787;m;102002
125;Faust und Don Juan;Hesekiel, George;1846;m;78687
126;Briefe, die ihn nicht erreichten;Heyking, Elisabeth von;1903;f;48118
127;Tschun;Heyking, Elisabeth von;1914;f;62763
128;Kreuz- und Querzüge des Ritters A bis Z;Hippel, Theodor Gottlieb von;1760;m;187646
129;Lebensläufe nach aufsteigender Linie;Hippel, Theodor Gottlieb von;1778;m;320017
130;Die Elixiere des Teufels;Hoffmann, E. T. A.;1815;m;106933
131;Lebensansichten des Katers Murr;Hoffmann, E. T. A.;1819;m;134006
132;Fragment von Hyperion;Hölderlin, Friedrich;1795;m;7024
133;Hyperions Jugend;Hölderlin, Friedrich;1795;m;12003
134;Hyperion oder der Eremit in Griechenland;Hölderlin, Friedrich;1797;m;48032
135;Die Familie Seldorf;Huber, Therese;1795;f;92111
136;Luise;Huber, Therese;1796;f;39293
137;Klosterberuf;Huber, Therese;1807;f;46839
138;Ellen Percy;Huber, Therese;1822;f;88631
139;Die Epigonen;Immermann, Karl;1836;m;195990
140;Münchhausen;Immermann, Karl;1838;m;240220
141;Woldemar;Jacobi, Friedrich Heinrich;1779;m;28609
142;Aus Eduard Allwills Papieren;Jacobi, Friedrich Heinrich;1781;m;24719
143;Niels Lyhne;Jacobsen, Jens Peter;1880;m;67649
144;Ninive;Janitschek, Maria;1896;f;45271
145;Die Amazonenschlacht;Janitschek, Maria;1897;f;17800
146;Einer Mutter Sieg;Janitschek, Maria;1898;f;32881
147;Die unsichtbare Loge;Jean Paul;1793;m;149583
148;Hesperus oder 45 Hundsposttage;Jean Paul;1795;m;246658
149;Leben des Quintus Fixlein;Jean Paul;1796;m;77252
150;Blumen-, Frucht- und Dornenstücke;Jean Paul;1796;m;177309
151;Titan;Jean Paul;1800;m;264009
152;Des Luftschiffers Giannozzo Seebuch;Jean Paul;1801;m;26612
153;Flegeljahre;Jean Paul;1804;m;157526
154;Des Feldpredigers Schmelzle Reise nach Flätz;Jean Paul;1809;m;18414
155;Dr. Katzenbergers Badereise;Jean Paul;1809;m;83381
156;Der grüne Heinrich1 [Erste Fassung];Keller, Gottfried;1854;m;267412
157;Der grüne Heinrich2 [Zweite Fassung];Keller, Gottfried;1879;m;250914
158;Martin Salander;Keller, Gottfried;1886;m;94692
159;Beate und Mareile;Keyserling, Eduard von;1903;m;31883
160;Dumala;Keyserling, Eduard von;1907;m;29265
161;Wellen;Keyserling, Eduard von;1911;m;44404
162;Abendliche Häuser;Keyserling, Eduard von;1914;m;46359
163;Bracke;Klabund;1918;m;34122
164;Die Nachtwachen des Bonaventura;Klingemann, August;1804;m;38770
165;Fausts Leben, Taten und Höllenfahrt;Klinger, Friedrich Maximilian;1791;m;64163
166;Geschichte eines Teutschen der neusten Zeit;Klinger, Friedrich Maximilian;1798;m;77600
167;Benjamin Noldmanns Geschichte der Aufklärung in Abyssinien;Knigge, Adolph Freiherr von;1791;m;93315
168;Josephs von Wurmbrands ... politisches Glaubensbekenntnis;Knigge, Adolph Freiherr von;1792;m;20935
169;Die Reise nach Braunschweig;Knigge, Adolph Freiherr von;1792;m;37833
170;Meister Timpe;Kretzer, Max;1888;m;78317
171;Der Amerika-Müde;Kürnberger, Ferdinand;1855;m;170116
172;Der Sonnenwirt;Kurz, Hermann;1854;m;178199
173;Geschichte des Fräuleins von Sternheim;La Roche, Sophie von;1771;f;99638
174;Rosaliens Briefe an ihre Freundin Mariane von St**;La Roche, Sophie von;1779;f;220741
175;Erscheinungen am See Oneida;La Roche, Sophie von;1798;f;102944
176;Das junge Europa;Laube, Heinrich;1833;m;179235
177;Clementine;Lewald, Fanny;1842;f;33981
178;Jenny;Lewald, Fanny;1843;f;94984
179;Eine Lebensfrage;Lewald, Fanny;1845;f;92191
180;Diogena;Lewald, Fanny;1847;f;32019
181;Von Geschlecht zu Geschlecht;Lewald, Fanny;1864;f;456465
182;Maria;Liebeskind, Margareta Sophia;1784;f;78610
183;Leben und Lüge;Liliencron, Detlev von;1908;m;64283
184;Zwischen Himmel und Erde;Ludwig, Otto;1856;m;70967
185;Die Heiteretei und ihr Widerspiel;Ludwig, Otto;1857;m;83885
186;Goldelse;Marlitt, Eugenie;1866;f;99952
187;Das Geheimnis der alten Mamsell;Marlitt, Eugenie;1867;f;88943
188;Das Heideprinzeßchen;Marlitt, Eugenie;1871;f;123772
189;Amtmanns Magd;Marlitt, Eugenie;1881;f;59485
190;Die Frau mit den Karfunkelsteinen;Marlitt, Eugenie;1885;f;95672
191;Durchs wilde Kurdistan;May, Karl;1892;m;149835
192;Old Surehand I;May, Karl;1894;m;156993
193;Old Surehand II;May, Karl;1894;m;156435
194;Im Lande des Mahdi I;May, Karl;1896;m;162061
195;Im Lande des Mahdi II;May, Karl;1896;m;149182
196;Im Lande des Mahdi III;May, Karl;1896;m;148078
197;Satan und Ischariot I;May, Karl;1896;m;140794
198;Auf fremden Pfaden;May, Karl;1897;m;120740
199;Satan und Ischariot II;May, Karl;1897;m;135480
200;Satan und Ischariot III;May, Karl;1897;m;150660
201;Im Reiche des silbernen Löwen I;May, Karl;1898;m;155128
202;Im Reiche des silbernen Löwen II;May, Karl;1898;m;155648
203;Old Surehand III;May, Karl;1898;m;139665
204;Am Jenseits;May, Karl;1899;m;152149
205;Im Reiche des silbernen Löwen III;May, Karl;1902;m;158913
206;Im Reiche des silbernen Löwen IV;May, Karl;1903;m;167630
207;Und Friede auf Erden!;May, Karl;1904;m;173239
208;Ardistan und Dschinnistan II;May, Karl;1909;m;168466
209;Winnetou IV;May, Karl;1910;m;155022
210;Die Bernsteinhexe;Meinhold, Wilhelm;1843;m;66707
211;Die Intellektuellen;Meisel-Hess, Grete;1911;f;98902
212;Das Blüthenalter der Empfindung;Mereau, Sophie;1794;f;15887
213;Amanda und Eduard;Mereau, Sophie;1803;f;50558
214;Jürg Jenatsch;Meyer, Conrad Ferdinand;1876;m;72025
215;Der Heilige;Meyer, Conrad Ferdinand;1880;m;41528
216;Die Versuchung des Pescara;Meyer, Conrad Ferdinand;1887;m;37491
217;Angela Borgia;Meyer, Conrad Ferdinand;1891;m;36761
218;Der Golem;Meyrink, Gustav;1913;m;71065
219;Unerfüllt;Meysenbug, Malwida Freiin von;1885;f;34175
220;Himmlische und irdische Liebe;Meysenbug, Malwida Freiin von;1905;f;37868
221;Siegwart. Eine Klostergeschichte;Miller, Johann Martin;1776;m;121752
222;Die Mandanenwaise;Möllhausen, Balduin;1865;m;189401
223;Maler Nolten;Mörike, Eduard;1832;m;131865
224;Anton Reiser;Moritz, Karl Philipp;1785;m;131523
225;Andreas Hartknopf. Eine Allegorie;Moritz, Karl Philipp;1786;m;24991
226;Andreas Hartknopfs Predigerjahre;Moritz, Karl Philipp;1790;m;15664
227;Siegfried von Lindenberg;Müller, Johann Gottwerth;1779;m;47562
228;Tropen. Der Mythos der Reise. Urkunden eines deutschen Ingenieurs;Müller, Robert;1915;m;105815
229;Madonna. Unterhaltungen mit einer Heiligen;Mundt, Theodor;1835;m;66675
230;Die Amtmannin von Hohenweiler;Naubert, Benedikte;1787;f;114278
231;Herrmann von Unna;Naubert, Benedikte;1788;f;131368
232;Alf von Dülmen;Naubert, Benedikte;1790;f;100477
233;Das Leben und die Meinungen des Herrn Magister Sebaldus Nothanker;Nicolai, Friedrich;1773;m;122704
234;Heinrich von Ofterdingen;Novalis;1802;m;48848
235;Die Lehrlinge zu Sais;Novalis;1802;m;10756
236;Schloß und Fabrik;Otto, Louise;1846;f;113381
237;Nürnberg. Erster Band;Otto, Louise;1858;f;53070
238;Nürnberg. Zweiter Band;Otto, Louise;1858;f;48298
239;Nürnberg. Dritter Band;Otto, Louise;1858;f;49249
240;Godwie-Castle;Paalzow, Henriette von;1838;f;214251
241;Ste. Roche;Paalzow, Henriette von;1839;f;234510
242;Lienhard und Gertrud 1;Pestalozzi, Johann Heinrich;1781;m;70507
243;Lienhard und Gertrud 2;Pestalozzi, Johann Heinrich;1781;m;64333
244;Lienhard und Gertrud 3;Pestalozzi, Johann Heinrich;1781;m;82435
245;Lienhard und Gertrud 4;Pestalozzi, Johann Heinrich;1781;m;92335
246;Agathocles;Pichler, Karoline;1828;f;140642
247;Der Büttnerbauer;Polenz, Wilhelm von;1895;m;118329
248;Die Chronik der Sperlingsgasse;Raabe, Wilhelm;1857;m;48076
249;Der Hungerpastor;Raabe, Wilhelm;1863;m;142903
250;Die Leute aus dem Walde, ihre Sterne, Wege und Schicksale;Raabe, Wilhelm;1863;m;126260
251;Abu Telfan oder Die Heimkehr vom Mondgebirge;Raabe, Wilhelm;1867;m;116853
252;Der Schüdderump;Raabe, Wilhelm;1869;m;116443
253;Alte Nester;Raabe, Wilhelm;1879;m;83117
254;Im alten Eisen;Raabe, Wilhelm;1887;m;54456
255;Das Odfeld;Raabe, Wilhelm;1888;m;60204
256;Stopfkuchen. Eine See- und Mordgeschichte;Raabe, Wilhelm;1891;m;63364
257;Die Akten des Vogelsangs;Raabe, Wilhelm;1896;m;61255
258;Hastenbeck;Raabe, Wilhelm;1899;m;58805
259;Ellen Olestjerne;Reventlow, Franziska Gräfin zu;1903;f;61485
260;Von Paul zu Pedro;Reventlow, Franziska Gräfin zu;1912;f;20993
261;Herrn Dames Aufzeichnungen;Reventlow, Franziska Gräfin zu;1913;f;34505
262;Der Geldkomplex;Reventlow, Franziska Gräfin zu;1916;f;24826
263;Die Aufzeichnungen des Malte Laurids Brigge;Rilke, Rainer Maria;1910;m;59301
264;Die Schriften des Waldschulmeisters;Rosegger, Peter;1875;m;70761
265;Der Pedlar;Ruppius, Otto;1857;m;74963
266;Das Vermächtnis des Pedlars;Ruppius, Otto;1859;m;80898
267;Paralyse;Sack, Gustav;1913;m;20129
268;Tarub, Bagdads berühmte Köchin;Scheerbart, Paul;1897;m;51668
269;Liwûna und Kaidôh. Ein Seelenroman;Scheerbart, Paul;1901;m;18703
270;Immer mutig!;Scheerbart, Paul;1902;m;53466
271;Lesabéndio. Ein Asteroiden-Roman;Scheerbart, Paul;1913;m;49840
272;Ekkehard;Scheffel, Joseph Viktor von;1855;m;155761
273;Der Geisterseher;Schiller, Friedrich;1788;m;38044
274;Die Denkwürdigkeiten des Herrn v. H.;Schilling, Friedrich Gustav;1787;m;45970
275;Florentin;Schlegel, Dorothea;1801;f;56842
276;Lucinde;Schlegel, Friedrich;1799;m;29977
277;Frau Berta Garlan;Schnitzler, Arthur;1901;m;48563
278;Der Weg ins Freie;Schnitzler, Arthur;1907;m;117845
279;Doktor Gräsler, Badearzt;Schnitzler, Arthur;1917;m;34702
280;Casanovas Heimfahrt;Schnitzler, Arthur;1918;m;36006
281;Anna;Schopenhauer, Adele;1845;f;89890
282;Gabriele;Schopenhauer, Johanna;1819;f;153535
283;Die Tante;Schopenhauer, Johanna;1823;f;122453
284;Richard Wood;Schopenhauer, Johanna;1837;f;112265
285;Aus den Memoiren einer Sängerin;Schröder-Devrient, Wilhelmine;1829;f;83375
286;Problematische Naturen. Erste Abtheilung;Spielhagen, Friedrich;1861;m;190868
287;Problematische Naturen. Zweite Abtheilung (Durch Nacht zum Licht);Spielhagen, Friedrich;1861;m;169341
288;Hammer und Amboß;Spielhagen, Friedrich;1869;m;271263
289;Zum Zeitvertreib;Spielhagen, Friedrich;1897;m;57097
290;Faustulus;Spielhagen, Friedrich;1898;m;68144
291;Der Jude;Spindler, Carl;1827;m;262221
292;Conrad;Spitteler, Carl;1898;m;41703
293;Imago;Spitteler, Carl;1906;m;46916
294;Die Mädchenfeinde;Spitteler, Carl;1907;m;26213
295;Heidis Lehr- und Wanderjahre;Spyri, Johanna;1880;f;51187
296;Heidi kann brauchen, was es gelernt hat;Spyri, Johanna;1881;f;37366
297;Die Mappe meines Urgroßvaters;Stifter, Adalbert;1841;m;70588
298;Feldblumen;Stifter, Adalbert;1841;m;37247
299;Die Narrenburg;Stifter, Adalbert;1843;m;35136
300;Der Hagestolz;Stifter, Adalbert;1845;m;39763
301;Zwei Schwestern;Stifter, Adalbert;1846;m;49639
302;Der Nachsommer;Stifter, Adalbert;1857;m;248357
303;Witiko;Stifter, Adalbert;1865;m;276665
304;Der Schimmelreiter;Storm, Theodor;1888;m;38334
305;Frau Sorge;Sudermann, Hermann;1887;m;66245
306;Jons und Erdme;Sudermann, Hermann;1917;m;40510
307;Die Waffen nieder!;Suttner, Bertha von;1889;f;129146
308;Marthas Kinder;Suttner, Bertha von;1902;f;85043
309;Andreas Vöst;Thoma, Ludwig;1906;m;77482
310;Der Wittiber;Thoma, Ludwig;1911;m;54886
311;Geschichte des Herrn William Lovell;Tieck, Ludwig;1795;m;160378
312;Franz Sternbalds Wanderungen;Tieck, Ludwig;1798;m;102629
313;Der junge Tischlermeister;Tieck, Ludwig;1836;m;125550
314;Vittoria Accorombona;Tieck, Ludwig;1840;m;102102
315;Julchen Grünthal;Unger, Friederike Helene;1784;f;97871
316;Albert und Albertine;Unger, Friederike Helene;1804;f;44779
317;Bekenntnisse einer schönen Seele;Unger, Friederike Helene;1806;f;49440
318;Die Zerissenen;Ungern-Sternberg, Alexander von;1832;m;43254
319;Auch Einer 1;Vischer, Friedrich Theodor;1879;m;81585
320;Auch Einer 2;Vischer, Friedrich Theodor;1879;m;78163
321;Ini;Voß, Julius;1810;m;58511
322;Rinaldo Rinaldini, der Räuberhauptmann;Vulpius, Christian August;1799;m;139629
323;Die Briten in Rom;Waiblinger, Wilhelm;1828;m;37682
324;Die Juden von Zirndorf;Wassermann, Jakob;1897;m;81000
325;Caspar Hauser;Wassermann, Jakob;1907;m;131204
326;Das Gänsemännchen;Wassermann, Jakob;1915;m;160151
327;Christian Wahnschaffe;Wassermann, Jakob;1919;m;244751
328;Fragment eines Romans;Weerth, Georg;1846;m;51296
329;Schnapphahnski;Weerth, Georg;1848;m;47914
330;Belphegor;Wezel, Johann Karl;1776;m;93108
331;Hermann und Ulrike;Wezel, Johann Karl;1780;m;258437
332;Kakerlak oder die Geschichte eines Rosenkreuzers;Wezel, Johann Karl;1784;m;28032
333;Die Abenteuer des Don Sylvio von Rosalva;Wieland, Christoph Martin;1764;m;123989
334;Geschichte des Agathon;Wieland, Christoph Martin;1766;m;160988
335;Der goldene Spiegel;Wieland, Christoph Martin;1772;m;120279
336;Geschichte der Abderiten;Wieland, Christoph Martin;1774;m;107413
337;Peregrinus Proteus;Wieland, Christoph Martin;1788;m;115173
338;Aristipp und einige seiner Zeitgenossen;Wieland, Christoph Martin;1800;m;321198
339;Die Abendburg;Wille, Bruno;1909;m;148449
340;Glasberg;Wille, Bruno;1920;m;123809
341;Die Europamüden;Willkomm, Ernst Adolf;1837;m;115475
342;Weisse Sclaven oder die Leiden des Volkes;Willkomm, Ernst Adolf;1845;m;269359
343;Elisa;Wobeser, Wilhelmine Karoline von;1795;f;74477
344;Agnes von Lilien;Wolzogen, Caroline von;1798;f;80236
345;Robert der Schiffsjunge;Wörishöffer, Sophie;1877;f;184996
346;Das Goldmacherdorf;Zschokke, Heinrich;1817;m;42250
347;Das Schloß im Moor;Achleitner, Arthur;1903;m;50877
348;Haus Nummer 37;Adolph, Karl;1908;m;102954
349;Anatewka;Alejchem, Scholem;1894;m;56616
350;Cabanis;Alexis, Willibald;1832;m;126759
351;Isegrimm;Alexis, Willibald;1854;m;228551
352;Der Roland von Berlin – Erster Band;Alexis, Willibald;1840;m;71665
353;Der Roland von Berlin – Zweiter Band;Alexis, Willibald;1840;m;67722
354;Der Roland von Berlin – Dritter Band;Alexis, Willibald;1840;m;80775
355;Walladmor;Alexis, Willibald;1824;m;152005
356;Der Werwolf;Alexis, Willibald;1848;m;65460
357;Der Werwolf;Alexis, Willibald;1848;m;78392
358;Der falsche Woldemar;Alexis, Willibald;1842;m;220349
359;Hollin's Liebeleben;Arnim, Achim von;1802;m;26129
360;Der Schuhmeier;Ascher, Robert;1890;m;115617
361;Auf der Höhe Band I;Auerbach, Berthold;1865;m;75079
362;Auf der Höhe Zweiter Band;Auerbach, Berthold;1871;m;67143
363;Auf der Höhe Dritter Band;Auerbach, Berthold;1871;m;56069
364;Auf der Höhe Vierter Band;Auerbach, Berthold;1871;m;65027
365;Das Landhaus am Rhein / Band I;Auerbach, Berthold;1869;m;61656
366;Das Landhaus am Rhein / Band II;Auerbach, Berthold;1869;m;70844
367;Das Landhaus am Rhein / Band III;Auerbach, Berthold;1869;m;48349
368;Das Landhaus am Rhein / Band IV;Auerbach, Berthold;1869;m;75989
369;Das Landhaus am Rhein / Band V;Auerbach, Berthold;1869;m;52256
370;Landolin von Reutershöfen;Auerbach, Berthold;1878;m;56695
371;Aus dem Leben und den Schriften des Magisters Herle, und seines Freundes Mänle;Aurbacher, Ludwig;1842;m;25064
372;Die Hexe Drut;Bahr, Hermann;1919;m;129578
373;Himmelfahrt;Bahr, Hermann;1916;m;89024
374;O Mensch!;Bahr, Hermann;1910;m;74218
375;Die Rahl;Bahr, Hermann;1909;m;73888
376;Theater;Bahr, Hermann;1897;m;44107
377;Der gestohlene Mond;Barlach, Ernst;1896;m;78911
378;Graf Udo Bodo;Baudissin, Wolf Graf von;1920;m;70351
379;Der Dunkelgraf;Bechstein, Ludwig;1882;m;156139
380;Die Nonnensusel;Becker, August;1828;m;117159
381;Die Heimkehr;Bentzon, Therese;1916;f;56603
382;Die Bräutigame der Babette Bomberling;Berend, Alice;1915;f;32711
383;Frau Hempels Tochter;Berend, Alice;1912;f;47586
384;Die Reise des Herrn Sebastian Wenzel;Berend, Alice;1912;f;43671
385;Hemmungslos;Bettauer, Hugo;1920;m;38965
386;Pankrazius Graunzer;Bierbaum, Otto Julius;1896;m;55461
387;Prinz Kuckuck;Bierbaum, Otto Julius;1906;m;236900
388;Das Schöne Mädchen von Pao;Bierbaum, Otto Julius;1899;m;33715
389;Die Schlangendame;Bierbaum, Otto Julius;1896;m;18611
390;Studenten-Beichten;Bierbaum, Otto Julius;1893;m;27313
391;Die Leuenhofer;Bindschedler, Ida;1919;f;68092
392;Die Turnachkinder im Sommer;Bindschedler, Ida;1906;f;62216
393;Die Turnachkinder im Winter;Bindschedler, Ida;1909;f;58221
394;Moderne Novellen;Birt, Theodor;1844;m;38113
395;Bismarck – Band 1;Bleibtreu, Karl;1881;m;201110
396;Dilettanten des Lasters;Blüthgen, Clara;1902;f;58691
397;Nachtwachen;Bonaventura;1804;m;43020
398;Annas Ehe;Boy-Ed, Ida;1900;f;67067
399;Empor!;Boy-Ed, Ida;1892;f;57915
400;Ein königlicher Kaufmann;Boy-Ed, Ida;1911;f;94101
401;Die Opferschale;Boy-Ed, Ida;1915;f;94418
402;Um ein Weib;Boy-Ed, Ida;1906;f;83446
403;Friedemann Bach;Brachvogel, Albert Emil;1858;m;85821
404;Die Tochter des Kunstreiters;Brackel, Ferdinande Freiin von;1875;f;95671
405;Geschichten aus der Jugendzeit;Braun, Isabella;1852;f;41157
406;Die Liebesbriefe der Marquise;Braun, Lily;1912;f;85564
407;Ein Mönchsleben aus der empfindsamen Zeit;Bronner, Franz Xaver;1912;m;112835
408;Ein Mönchsleben aus der empfindsamen Zeit - Band 2;Bronner, Franz Xaver;1796;m;109289
409;Ratsmädelgeschichten;Böhlau, Helene;1888;f;44752
410;Tagebuch einer Verlorenen;Böhme, Margarete;1905;f;86041
411;Ein Stadtjunker in Braunschweig;Carlssen, Egbert;1882;m;96055
412;Erinnerungen einer Überflüssigen;Christ, Lena;1912;f;68573
413;Mit den Augen des Westens;Conrad, Joseph;1913;m;111088
414;Der Geheimagent;Conrad, Joseph;1900;m;88848
415;Lord Jim;Conrad, Joseph;1920;m;123338
416;Majestät;Conrad, Michael Georg;1873;m;93594
417;Walhall;Dahn, Felix Dahn und Therese;1885;m;156135
418;Attila;Dahn, Felix;1882;m;58323
419;Die Bataver;Dahn, Felix;1890;m;70267
420;Bissula;Dahn, Felix;1876;m;69407
421;Vom Chiemgau;Dahn, Felix;1876;m;49749
422;Chlodovech;Dahn, Felix;1895;m;48717
423;Ebroin;Dahn, Felix;1876;m;76340
424;Felicitas;Dahn, Felix;1890;m;35211
425;Fredigundis;Dahn, Felix;1890;m;92702
426;Gelimer;Dahn, Felix;1876;m;82063
427;Die schlimmen Nonnen von Poitiers;Dahn, Felix;1876;m;39406
428;Sind Götter?;Dahn, Felix;1874;m;22944
429;Felix Dahn;Dahn, Felix;1834;m;42871
430;Der Vater und die Söhne;Dahn, Felix;1876;m;15298
431;Geschichten aus den vier Winden;Dauthendey, Max;1915;m;55450
432;Der Geist meines Vaters;Dauthendey, Max;1912;m;82436
433;Josa Gerth;Dauthendey, Max;1893;m;40155
434;Raubmenschen;Dauthendey, Max;1911;m;115281
435;Der Übergang;David, Jakob Julius;1902;m;50076
436;Brausejahre;Decken, A. v. d.;1885;m;83470
437;Zwei Menschen;Dehmel, Richard;1903;m;25832
438;Die Amazone;Dingelstedt, Franz;1869;m;73667
439;Die neuen Argonauten;Dingelstedt, Franz;1839;m;40141
440;Die erschreckliche Flut von 1634 und der Untergang von Alt-Nordstrand;Dose, Johannes;1896;m;62024
441;Der Muttersohn – Band I;Dose, Johannes;1904;m;89064
442;Der Muttersohn – Band II;Dose, Johannes;1904;m;82695
443;Marquise von Pompadour;Duncker, Dora;1912;f;74662
444;Eine ägyptische Königstochter Bd. I;Ebers, Georg;1864;m;201221
445;Per aspera;Ebers, Georg;1892;m;204946
446;Ein Wort;Ebers, Georg;1883;m;95407
447;Die Frau Bürgemeisterin;Ebers, Georg;1880;m;96309
448;Die Gred;Ebers, Georg;1889;m;146565
449;Homo sum;Ebers, Georg;1878;m;82788
450;Der Kaiser;Ebers, Georg;1881;m;168205
451;Die Geschichte meines Lebens;Ebers, Georg;1893;m;125253
452;Die Nilbraut;Ebers, Georg;1887;m;210977
453;Im Schmiedefeuer;Ebers, Georg;1894;m;152373
454;Die Schwestern;Ebers, Georg;1880;m;93913
455;Die Schwestern;Ebers, Georg;1880;m;94625
456;Serapis;Ebers, Georg;1885;m;106919
457;Uarda;Ebers, Georg;1877;m;176701
458;Die arme Kleine;Ebner-Eschenbach, Marie von;1903;f;58503
459;Nero;Eckstein, Ernst;1889;m;128787
460;Der kleine Johannes;Eeden, Frederik van;1860;m;154448
461;Streifzüge durch Celebes;Emmerich, Ferdinand;1920;m;53583
462;Hann Klüth;Engel, Georg;1905;m;91100
463;Die Last;Engel, Georg;1898;m;50075
464;Claus Störtebecker;Engel, Georg;1920;m;116772
465;Lieber Fritz;"Erckmann, Emile; Chatrian, Alessandre";1882;f;65641
466;Geschichte eines Anno 1813 Konskribierten;"Erckmann; Chatrian";1789;m;64857
467;Satiren, Fabeln, Epigramme, Aphorismen;Ernst, Otto;1904;m;63026
468;Asmus Sempers Jugendland;Ernst, Otto;1905;m;71641
469;Semper der Jüngling;Ernst, Otto;1908;m;81861
470;Semper der Mann;Ernst, Otto;1916;m;96800
471;Saat auf Hoffnung;Ernst, Paul;1916;m;70572
472;Freiheit die ich meine;Ertl, Emil;1909;m;193285
473;Die Leute vom Blauen Guguckshaus;Ertl, Emil;1906;m;118565
474;Auf der Wegwacht;Ertl, Emil;1911;m;126989
475;Die Erlkönigin;Eschstruth, Nataly von;1899;f;53598
476;Frühlingsstürme;Eschstruth, Nataly von;1899;f;58133
477;Gänseliesel;Eschstruth, Nataly von;1886;f;121875
478;Jung gefreit - 1;Eschstruth, Nataly von;1897;f;60419
479;Jung gefreit - 2;Eschstruth, Nataly von;1897;f;56105
480;Hofluft;Eschstruth, Nataly von;1889;f;49764
481;Hofluft;Eschstruth, Nataly von;1889;f;54807
482;Die Bären von Hohen-Esp;Eschstruth, Nataly von;1899;f;59824
483;Der Stern des Glücks;Eschstruth, Nataly von;1896;f;79550
484;Der verlorene Sohn;Eschstruth, Nataly von;1913;f;95467
485;Der Kampf um die Cheopspyramide;Eyth, Max;1902;m;213208
486;Hinter Pflug und Schraubstock;Eyth, Max;1899;m;154892
487;Der Schneider von Ulm;Eyth, Max;1906;m;229707
488;Aus dem Durchschnitt;Falke, Gustav;1900;m;32603
489;Der Mann im Nebel;Falke, Gustav;1899;m;38421
490;Die Kinder aus Ohlsens Gang;Falke, Gustav;1908;m;77450
491;Jungfer Therese;Federer, Heinrich;1913;m;79981
492;Maren;Fehrs, Johann Hinrich;1907;m;129467
493;Selim und Zoraïde;Fischer, Caroline Auguste;1802;f;6015
494;Wolf Eschenlohr;Flex, Walter;1919;m;20924
495;Die wunderbaren Begebenheiten des Grafen Alethes von Lindenstein;Fouqué, Friedrich Baron de la Motte;1817;m;66028
496;Alwin;Fouqué, Friedrich Baron de la Motte;1808;m;73210
497;Der Zauberring;Fouqué, Friedrich Baron de la Motte;1813;m;128445
498;Das Kind der Sühne;Franzos, Karl Emil;1920;m;109450
499;Der Stumme mit dem bösen Blick;Franzos, Karl Emil;1873;m;41340
500;Judith Trachtenberg;Franzos, Karl Emil;1891;m;59058
501;Ingo und Ingraban;Freytag, Gustav;1872;m;120096
502;Marcus König;Freytag, Gustav;1876;m;100979
503;Meister Robinson;"Fürst, Artur; Moszkowski, Alexander";1918;m;104855
504;Der Dorfapostel;Ganghofer, Ludwig;1900;m;96158
505;Edelweißkönig;Ganghofer, Ludwig;1886;m;70791
506;Fliegender Sommer;Ganghofer, Ludwig;1892;m;60397
507;Das Gotteslehen;Ganghofer, Ludwig;1899;m;90828
508;Der hohe Schein;Ganghofer, Ludwig;1904;m;157039
509;Der Jäger von Fall;Ganghofer, Ludwig;1883;m;58906
510;Der laufende Berg;Ganghofer, Ludwig;1897;m;76147
511;Ludwig Ganghofer;Ganghofer, Ludwig;1881;m;100775
512;Die Martinsklause;Ganghofer, Ludwig;1894;m;167082
513;Das Schweigen im Walde;Ganghofer, Ludwig;1899;m;105686
514;Die Trutze von Trutzberg;Ganghofer, Ludwig;1915;m;115493
515;Waldrausch;Ganghofer, Ludwig;1908;m;119497
516;Venetianische Novellen;Gaudy, Franz Freiherr von;1838;m;90983
517;Aus den Memoiren einer Berliner Range;Georgy, Ernst;1899;m;26740
518;Unter dem Äquator;Gerstäcker, Friedrich;1861;m;183620
519;Señor Aguila;Gerstäcker, Friedrich;1865;m;131630
520;Nach Amerika! Erster Band;Gerstäcker, Friedrich;1889;m;58811
521;Nach Amerika! Zweiter Band;Gerstäcker, Friedrich;1889;m;57849
522;Die Blauen und Gelben;Gerstäcker, Friedrich;1870;m;176044
523;General Franco;Gerstäcker, Friedrich;1865;m;130554
524;Germelshausen;Gerstäcker, Friedrich;1860;m;9487
525;Gold;Gerstäcker, Friedrich;1858;m;159907
526;Im Busch;Gerstäcker, Friedrich;1864;m;90058
527;Der Kunstreiter;Gerstäcker, Friedrich;1861;m;110117
528;Unter den Pehuenchen;Gerstäcker, Friedrich;1867;m;114856
529;Sträflinge;Gerstäcker, Friedrich;1850;m;81396
530;Tahiti;Gerstäcker, Friedrich;1854;m;141009
531;Jürnjakob Swehn der Amerikafahrer;Gillhoff, Johannes;1917;m;74150
532;Lemkes sel. Wwe.;Graeser, Erdmann;1907;m;85024
533;Meister Jakob und seine Kinder;Guttenbrunn;1918;m;85108
534;Hohenschwangau;Gutzkow, Karl;1867;m;221475
535;Die Heilige und ihr Narr;Günther, Agnes;1913;f;105946
536;Die Heilige und ihr Narr;Günther, Agnes;1913;f;117881
537;Der Augenblick des Glücks – Aus den Memoiren eines fürstlichen Hofes;Hackländer, Friedrich Wilhelm;1857;m;96797
538;Der letzte Bombardier;Hackländer, Friedrich Wilhelm;1870;m;255639
539;Das Geheimniß der Stadt;Hackländer, Friedrich Wilhelm;1868;m;147600
540;Handel und Wandel;Hackländer, Friedrich Wilhelm;1850;m;100417
541;Namenlose Geschichten - Erster Band;Hackländer, Friedrich Wilhelm;1851;m;83332
542;Namenlose Geschichten - Zweiter Band;Hackländer, Friedrich Wilhelm;1851;m;72973
543;Eugen Stillfried - Erster Band;Hackländer, Friedrich Wilhelm;1852;m;78384
544;Peregrin;Hahn-Hahn, Ida von;1864;f;157150
545;Aspasia;Hamerling, Robert;1876;m;195374
546;Schlumski;Harder, Agnes;1916;f;33522
547;Das Haus der Titanen;Hart, Hans;1913;m;83295
548;Der Krieg um den Wald / 1;Hartmann, Moritz;1850;m;52303
549;Der Mann im Mond;Hauff, Wilhelm;1826;m;80297
550;Elfriede;Hausrath, Adolf;1886;m;82180
551;Jetta;Hausrath, Adolf;1884;m;133067
552;Im Reiche der Homunkuliden;Hawel, Rudolf;1910;m;84742
553;Dr. Thorns Lebensabend;Hawel, Rudolf;1916;m;93380
554;Felix Notvest;Heer, Jakob Christoph;1901;m;75074
555;Der lange Balthasar;Heer, Jakob Christoph;1915;m;53932
556;Der König der Bernina;Heer, Jakob Christoph;1900;m;73455
557;An heiligen Wassern;Heer, Jakob Christoph;1898;m;92744
558;Laubgewind;Heer, Jakob Christoph;1908;m;77938
559;Die Molkenkur;Hegner, Ulrich;1812;m;67197
560;Apotheker Heinrich;Heiberg, Hermann;1885;m;84192
561;Grevinde;Heiberg, Hermann;1898;m;61177
562;Todsünden;Heiberg, Hermann;1891;m;87981
563;Menschen untereinander;Heiberg, Hermann;1880;m;69150
564;Eine vornehme Frau;Heiberg, Hermann;1895;m;59056
565;Karl der Zwölfte und seine Krieger;Heidenstam, Verner von;1898;m;118937
566;Aus dem Leben meiner alten Freundin;Heimburg, Wilhelmine;1879;f;82673
567;Trudchens Heirat;Heimburg, Wilhelmine;1894;f;51522
568;Die verborgene Schrift;Heine, Anselma;1918;f;151519
569;Die Versuchung;Heun, Karl Gottlieb Samuel;1920;m;20421
570;Ille mihi – Erster Band;Heyking, Elisabeth von;1912;f;51427
571;Ille mihi – Zweiter Band;Heyking, Elisabeth von;1912;f;45321
572;Liebe, Diplomatie und Holzhäuser;Heyking, Elisabeth von;1919;f;81777
573;Gegen den Strom;Heyse, Paul;1907;m;64959
574;Marienkind;Heyse, Paul;1892;m;29325
575;Crone Stäudlin;Heyse, Paul;1904;m;72792
576;Die Hassenburg;Hille, Peter;1905;m;31145
577;Die Geier-Wally;Hillern, Wilhemine von;1880;m;56916
578;Schwarzwaldau;Holtei, Karl von;1856;m;84011
579;Vor Jahr und Tag;Holzamer, Wilhelm;1908;m;68223
580;Ein Kind unserer Zeit;Horváth, Edmund Josef von;1830;m;42889
581;Enzio::Enzio;Huch, Friedrich;1911;m;108375
582;Mao;Huch, Friedrich;1907;m;45806
583;Pitt und Fox::Pitt und Fox;Huch, Friedrich;1909;m;107479
584;Der Oberhof;Immermann, Karl;1839;m;116314
585;Frau Marie Grubbe;Jacobsen, Jens Peter;1880;m;76549
586;Sechs Novellen;Jacobsen, Jens Peter;1880;m;31687
587;Die Pfeifer vom Dusenbach;Jensen, Wilhelm;1884;m;83191
588;Vor der Elbmündung;Jensen, Wilhelm;1905;m;64865
589;Nach Sonnenuntergang – Erstes Buch;Jensen, Wilhelm;1879;m;65957
590;Nach Sonnenuntergang – Zweites Buch;Jensen, Wilhelm;1879;m;57489
591;Aus See und Sand – Erster Band;Jensen, Wilhelm;1897;m;48579
592;Aus See und Sand – Zweiter Band;Jensen, Wilhelm;1897;m;48314
593;Der Tag von Stralsund;Jensen, Wilhelm;1890;m;27094
594;Auf dem Vestenstein;Jensen, Wilhelm;1912;m;45327
595;Kristiania Bohême;Jäger, Hans;1899;m;105746
596;Schwarze Diamanten;Jókai, Maurus;1877;m;152178
597;O Domina mea;Karrillon, Adam;1909;m;91840
598;Hubertus;Keller, Paul;1916;m;62669
599;Das letzte Märchen;Keller, Paul;1915;m;66526
600;Der Sohn der Hagar;Keller, Paul;1910;m;63139
601;Waldwinter;Keller, Paul;1902;m;79350
602;Bunte Herzen - Zwei Novellen::Bunte Herzen;Keyserling, Eduard von;1909;m;26628
603;Fräulein Rosa Herz;Keyserling, Eduard von;1887;m;95920
604;Die dritte Stiege;Keyserling, Eduard von;1892;m;74648
605;Schnee;Kielland, Alexander Lange;1889;m;36304
606;Naulahka, das Staatsglück;Balestier, Rudyard Kipling und Wolcott;1900;m;85039
607;Der Kavalier auf den Knien und andere Liebesgeschichten...;Klabund;1891;m;55427
608;Mohammed;Klabund;1917;m;13212
609;Moreau;Klabund;1915;m;13828
610;Das Rätsel von Grünweide;Klemm, Johanna;1900;f;86150
611;Der Faust der Morgenländer;Klinger, Friedrich Maximilian;1795;m;58849
612;Geschichte Giafars des Barmeciden - Band 1;Klinger, Friedrich Maximilian;1791;m;51170
613;Geschichte Giafars des Barmeciden - Band 2;Klinger, Friedrich Maximilian;1791;m;35130
614;Reisen vor der Sündfluth;Klinger, Friedrich Maximilian;1795;m;79796
615;Der Traum des Herrn Brick;Adolph, Friedrich Ludwig;1856;m;155322
616;Geschichte Peter Clausens;Knigge, Adolph Freiherr;1783;m;108218
617;Die Verirrungen des Philosophen oder Geschichte Ludwigs von Seelberg;Knigge, Adolph Freiherr;1787;m;101158
618;Friedel Polten und ihre Rangen;Koch, Henny;1890;f;94066
619;Der jüdische Gil Blas;Kohn, Joseph Seligmann;1834;m;37586
620;Am Pflug;Kompert, Leopold;1855;m;103066
621;Die Vestalinnen, Band 1;Kraft, Robert;1904;m;182943
622;Die Vestalinnen, Band 2;Kraft, Robert;1904;m;186162
623;Die Vestalinnen, Band 3;Kraft, Robert;1904;m;214749
624;Schillers Heimatjahre;Kurz, Hermann;1843;m;200121
625;Tropenarzt im Afrikanischen Busch;Külz, Ludwig;1906;m;100309
626;Quinctius Heymeran von Flaming;Lafontaine, August;1795;m;296101
627;Haß;Landsberger, Artur;1915;m;79546
628;Wolfs Geschichten um ein Bürgerhaus -- Erstes Buch: Im Schatten Napoleons;Langewiesche, Wilhelm;1919;m;67734
629;Wolfs Geschichten um ein Bürgerhaus – Zweites Buch: Vor Bismarcks Aufgang;Langewiesche, Wilhelm;1919;m;62805
630;Frau Aleit;Lauff, Joseph von;1905;m;114396
631;Anne-Susanne;Lauff, Joseph von;1915;m;89952
632;Die Brinkschulte;Lauff, Joseph von;1913;m;95469
633;Kärrekiek;Lauff, Joseph von;1902;m;69356
634;Marie Verwahnen;Lauff, Joseph von;1903;m;62644
635;Pittje Pittjewitt;Lauff, Joseph von;1903;m;107146
636;Sankt Anne;Lauff, Joseph von;1908;m;94412
637;Schnee;Lauff, Joseph von;1919;m;111169
638;Die Tanzmamsell;Lauff, Joseph von;1907;m;107895
639;Aspira;Laßwitz, Kurd;1904;m;56697
640;Auf zwei Planeten;Laßwitz, Kurd;1897;m;203360
641;Sternentau;Laßwitz, Kurd;1909;m;78614
642;Der Pfeiferkönig;Lienert, Meinrad;1909;m;52487
643;Oberlin;Lienhard, Friedrich;1910;m;137650
644;Der Gast;Lindau, Rudolf;1883;m;39913
645;Liebesheiraten;Lindau, Rudolf;1894;m;46872
646;Daphnis und Chloe;Longus;1838;m;28016
647;Das zweite Gesicht;Löns, Hermann;1912;m;82133
648;Der letzte Hansbur;Löns, Hermann;1909;m;34516
649;Dahinten in der Heide;Löns, Hermann;1909;m;34397
650;Kraut und Lot;Löns, Hermann;1911;m;165522
651;Der zweckmäßige Meyer;Löns, Hermann;1911;m;61459
652;Fritz Beutel;Marggraff, Hermann;1856;m;133853
653;Die zweite Frau;Marlitt, Eugenie;1874;f;97934
654;Das Eulenhaus;Marlitt, Eugenie;1888;f;89800
655;Reichsgräfin Gisela;Marlitt, Eugenie;1869;f;120079
656;Im Schillingshof;Marlitt, Eugenie;1870;f;129781
657;Der neue Ahasver;Mauthner, Fritz;1882;m;110154
658;Hypatia;Mauthner, Fritz;1891;m;90837
659;Der letzte Tod des Gautama Buddha;Mauthner, Fritz;1912;m;25536
660;Der Mir von Dschinnistan;May, Karl;1916;m;162523
661;Der Scout;May, Karl;1889;m;105263
662;Im Todesthale;May, Karl;1867;m;150642
663;Scepter und Hammer;May, Karl;1879;m;182662
664;Lopez Jordan::Lopez Jordan;May, Karl;1889;m;132713
665;Der Schatz der Inkas::Lopez Jordan;May, Karl;1890;m;182499
666;Der Schatz im Silbersee::Der Schatz im Silbersee;May, Karl;1891;m;191443
667;Die Liebe des Ulanen 1;May, Karl;1885;m;153904
668;Die Liebe des Ulanen;May, Karl;1885;m;124509
669;Die Liebe des Ulanen;May, Karl;1885;m;141256
670;Die Liebe des Ulanen;May, Karl;1885;m;125506
671;Die Liebe des Ulanen;May, Karl;1885;m;135185
672;Zwei Kaiserkronen;Meding, Oskar;1875;m;195344
673;Die Römerfahrt der Epigonen;Meding, Oskar;1874;m;118014
674;Europäische Minen und Gegenminen;Meding, Oskar;1873;m;254221
675;Der Todesgruß der Legionen;Meding, Oskar;1874;m;178083
676;Palle;Meding, Oskar;1895;m;104487
677;Die Saxoborussen;Meding, Oskar;1885;m;166362
678;Das Blinkfeuer von Brüsterort;Megede, Johannes Richard zur;1901;m;44177
679;Félicie;Megede, Johannes Richard zur;1900;m;99324
680;Modeste;Megede, Johannes Richard zur;1905;m;95829
681;Der Ueberkater;Megede, Johannes Richard zur;1905;m;90141
682;Der Ueberkater;Megede, Johannes Richard zur;1905;m;81935
683;Die Bernsteinhexe Maria Schweidler::Die Bernsteinhexe Maria Schweidler;Meinhold, Wilhelm;1841;m;64454
684;Richard Feverel;Meredith, George;1859;m;180552
685;Heidenstamm;Meyer-Förster, Wilhelm;1901;m;53395
686;Das grüne Gesicht;Meyrink, Gustav;1916;m;72972
687;Walpurgisnacht;Meyrink, Gustav;1917;m;49692
688;Die Familie Melville;Möllhausen, Balduin;1889;m;109683
689;Das Mormonenmädchen. Band I;Möllhausen, Balduin;1864;m;55913
690;Das Mormonenmädchen. Band II;Möllhausen, Balduin;1864;m;59919
691;Der Piratenlieutenant - Teil 1;Möllhausen, Balduin;1869;m;111872
692;Der Piratenlieutenant – Teil 2;Möllhausen, Balduin;1869;m;109841
693;Der Schatz von Quivira;Möllhausen, Balduin;1879;m;161737
694;Der Vaquero;Möllhausen, Balduin;1905;m;77793
695;Afraja König von Lappland;Mügge, Theodor;1854;m;72631
696;Afraja;Mügge, Theodor;1854;m;190856
697;Erich Randal;Mügge, Theodor;1856;m;271446
698;Frau Doktor Breuer;Mühlau, Helene von;1920;f;76233
699;Der große Schwabenzug;Müller-Guttenbrunn, Adam;1913;m;84472
700;Der Herr der Welt;Mützelburg, Adolf;1856;m;91513
701;Elisabeth. I. Band;Nathusius, Marie;1858;f;73722
702;Elisabeth – Zweiter Band;Nathusius, Marie;1858;f;101317
703;Das Tagebuch der Ottony von Kelchberg;Niese, Charlotte;1913;f;49047
704;Kajus Rungholt;Niese, Charlotte;1886;f;72213
705;Aus großen Höhen;Ompteda, Georg Freiherr von;1903;m;60628
706;Denise de Montmidi;Ompteda, Georg Freiherr von;1904;m;91900
707;Margret und Ossana;Ompteda, Georg Freiherr von;1911;m;82837
708;Maria da Caza;Ompteda, Georg Freiherr von;1897;m;69597
709;Der Rebell;Oppeln-Bronikowski, Friedrich von;1905;m;81440
710;Thomas Thyrnau – Erster Theil;Paalzow, Henriette;1788;f;77490
711;Thomas Thyrnau – Zweiter Theil;Paalzow, Henriette;1788;f;94088
712;Thomas Thyrnau – Dritter Theil;Paalzow, Henriette;1788;f;102071
713;Bob der Fallensteller;Pajeken, Friedrich Joachim;1890;m;60253
714;Andrew Brown – Der rote Spion;Pajeken, Friedrich Joachim;1894;m;51475
715;Das verlorene Paradies;Perfall, Anton von;1896;m;52666
716;Liebe ist ewig;Polenz, Wilhelm von;1901;m;86393
717;Der Pfarrer von Breitendorf Erster Band;Polenz, Wilhelm von;1895;m;65844
718;Der Pfarrer von Breitendorf Zweiter Band;Polenz, Wilhelm von;1895;m;65271
719;Wurzellocker - Erster Band;Polenz, Wilhelm von;1902;m;59724
720;Wurzellocker Zweiter Band;Polenz, Wilhelm von;1902;m;59308
721;Siebenquellen;Ponten, Josef;1908;m;55672
722;Der babylonische Turm;Ponten, Josef;1918;m;104933
723;Der Rubin der Herzogin;Presber, Rudolf;1915;m;101072
724;Yoshiwara - Vom Freudenhaus des Lebens;Preuschen, Hermione von;1920;f;28784
725;1812 – Ein historischer Roman;Rellstab, Ludwig;1812;m;362019
726;Die Abenteurer;Retcliffe, Sir John;1880;m;132834
727;Garibaldi;Retcliffe, Sir John;1860;m;71809
728;Magenta und Solferino - Band 1;Retcliffe, Sir John;1864;m;103634
729;Magenta und Solferino - Band 2;Retcliffe, Sir John;1865;m;101302
730;Magenta und Solferino - Band 3;Retcliffe, Sir John;1865;m;103654
731;Nena Sahib;Retcliffe, Sir John;1884;m;222548
732;Sebastopol - Erster Band;Retcliffe, Sir John;1856;m;210619
733;Sewastopol - Zweiter Band;Retcliffe, Sir John;1860;m;102774
734;Abenteuer in Sibirien;Retcliffe, Sir John;1870;m;61723
735;Solferino;Retcliffe, Sir John;1864;m;101868
736;Die Abenteurer der Sonora;Retcliffe, Sir John;1919;m;79265
737;Dörchläuchting;Reuter, Fritz;1866;m;83154
738;Ut de Franzosentid;Reuter, Fritz;1859;m;63054
739;Der Trotzkopf;Rhoden, Emmy von;1883;f;52876
740;Ein ganzer Mann;Riehl, Wilhelm Heinrich;1897;m;62658
741;Rosalie und Cleberg auf dem Lande / 1;Roche, Sophie von La;1791;f;79808
742;Das tote Brügge;Rodenbach, Georges;1902;m;22435
743;Heideschulmeister Uwe Karsten;Rose, Felicitas;1909;f;61151
744;Kerlchens Lern- und Wanderjahre;Rose, Felicitas;1902;f;40729
745;Kerlchen als Anstandsdame;Rose, Felicitas;1903;f;36975
746;Provinzmädel;Rose, Felicitas;1902;f;35962
747;Kerlchen als Sorgen- und Sektbrecher;Rose, Felicitas;1903;f;36453
748;Heidepeters Gabriel;Rosegger, Peter;1882;m;82792
749;Jakob der Letzte;Rosegger, Peter;1889;m;78178
750;Peter Mayr der Wirt an der Mahr;Rosegger, Peter;1893;m;98968
751;Das Erwachen;Ruederer, Josef;1916;m;86167
752;Ein verbummelter Student;Sack, Gustav;1917;m;47907
753;Kontraste und Paradoxen;Sallet, Friedrich von;1845;m;67545
754;Die Familie Pfäffling;Sapper, Agnes;1907;f;64140
755;Fritz Reinhardt;Schaumberger, Heinrich;1874;m;134237
756;Der Tod der Barmekiden;Scheerbart, Paul;1897;m;39996
757;Das graue Tuch und zehn Prozent Weiß;Scheerbart, Paul;1914;m;31019
758;Der Kaiser von Utopia;Scheerbart, Paul;1904;m;29711
759;Die große Revolution. Ein Mondroman;Scheerbart, Paul;1902;m;29800
760;Münchhausen und Clarissa;Scheerbart, Paul;1906;m;27730
761;Na prost!;Scheerbart, Paul;1898;m;16560
762;Rakkóx der Billionär;Scheerbart, Paul;1901;m;5210
763;Michel;Scherr, Johannes;1858;m;153014
764;Die Pilger der Wildnis;Scherr, Johannes;1853;m;56288
765;Benkal, der Frauentröster;Schickele, René;1913;m;31159
766;Meine Freundin Lo;Schickele, René;1911;m;23637
767;Irrwege der Liebe;Schirokauer, Alfred;1919;m;26821
768;Lassalle;Schirokauer, Alfred;1912;m;91119
769;Das Lied der Parzen;Schirokauer, Alfred;1912;m;59315
770;Bürgerliche Bohème;Schmitz, Oscar A. H.;1918;m;133868
771;Künstlerblut;Schobert, Hedwig;1892;m;111299
772;Der deutsche Herzog;Schreckenbach, Paul;1914;m;73814
773;Der getreue Kleist;Schreckenbach, Paul;1909;m;72144
774;Der böse Baron von Krosigk;Schreckenbach, Paul;1907;m;95371
775;Michael Meyenburg;Schreckenbach, Paul;1919;m;84263
776;Die letzten Rudelsburger;Schreckenbach, Paul;1913;m;64169
777;Um die Wartburg;Schreckenbach, Paul;1912;m;61157
778;Wildefüer;Schreckenbach, Paul;1919;m;94287
779;Gräfin Erikas Lehr- und Wanderjahre;Schubin, Ossip;1892;m;128642
780;Im gewohnten Geleis;Schubin, Ossip;1901;m;75534
781;Marška;Schubin, Ossip;1902;m;28111
782;Maximum;Schubin, Ossip;1896;m;61781
783;Der Rosenkavalier;Schubin, Ossip;1900;m;43964
784;Rodanseck;Schwerin, Josephine Gräfin;1883;f;43810
785;Eine dunkle Tat;Schücking, Levin;1896;m;62531
786;Luther in Rom;Schücking, Levin;1870;m;114144
787;Die Marketenderin von Köln;Schücking, Levin;1860;m;89473
788;Das blutige Blockhaus;Sealsfield, Charles;1834;m;112141
789;Das Kajütenbuch oder Nationale Charakteristiken;Sealsfield, Charles;1843;m;109447
790;Der Legitime und die Republikaner;Sealsfield, Charles;1833;m;143815
791;Nathan der Squatter;Sealsfield, Charles;1835;m;41139
792;Tokeah;Sealsfield, Charles;1828;m;143823
793;Der Virey und die Aristokraten;Sealsfield, Charles;1835;m;92118
794;Reinhard Flemmings Abenteuer zu Wasser und zu Lande;Seidel, Heinrich;1888;m;47351
795;Fischke der Krumme;Sfurim, Mendele Moicher;1869;m;58038
796;Der Wagehals;Skowronnek, Fritz;1866;m;52383
797;Schweigen im Walde;Skowronnek, Richard;1909;m;65638
798;Sturmzeichen;Skowronnek, Richard;1914;m;69447
799;Seemanns-Sagen und Schiffer-Märchen;Smidt, Heinrich;1835;m;60641
800;Die Höhlenkinder – Im Heimlichen Grund;Sonnleitner, A. Th.;1918;m;44736
801;Die Höhlenkinder – Im Pfahlbau;Sonnleitner, A. Th.;1918;m;44989
802;Die Höhlenkinder – Im Steinhaus;Sonnleitner, A. Th.;1920;m;39115
803;Heidehof Lohe;Speckmann, Diedrich;1906;m;72005
804;Frei geboren;Spielhagen, Friedrich;1900;m;101136
805;Noblesse oblige;Spielhagen, Friedrich;1888;m;107420
806;Opfer;Spielhagen, Friedrich;1899;m;134408
807;Platt Land;Spielhagen, Friedrich;1878;m;171169
808;Quisisana;Spielhagen, Friedrich;1880;m;79279
809;Sturmflut;Spielhagen, Friedrich;1877;m;93386
810;Susi;Spielhagen, Friedrich;1889;m;55259
811;Uhlenhans;Spielhagen, Friedrich;1884;m;140716
812;Der Vogelhändler von Imst;Spindler, Carl;1841;m;215176
813;Der Jesuit;Spindler, Carl;1829;m;117301
814;Im Rhonetal;Spyri, Johanna;1896;f;25882
815;Was soll denn aus ihr werden?;Spyri, Johanna;1887;f;69598
816;Schloss Wildenstein;Spyri, Johanna;1892;f;66314
817;Drei Nächte;Stehr, Hermann;1909;m;87067
818;Der begrabene Gott;Stehr, Hermann;1905;m;69463
819;Der Heiligenhof;Stehr, Hermann;1918;m;188157
820;Irmela;Steinhausen, Heinrich;1881;m;68443
821;Wilhelmine Buchholz' Memoiren;Stinde, Julius;1895;m;75440
822;Emma das geheimnißvolle Hausmädchen;Stinde, Julius;1904;m;56631
823;Die Familie Buchholz. Aus dem Leben der Hauptstadt;Stinde, Julius;1884;m;69045
824;Buchholzens in Italien;Stinde, Julius;1883;m;49589
825;Frau Buchholz im Orient;Stinde, Julius;1888;m;76566
826;Morgenrot;Stoessl, Otto;1912;m;111227
827;Sonjas letzter Name;Stoessl, Otto;1908;m;57740
828;Schloß Vogelöd;Stratz, Rudolph;1900;m;76096
829;Der weiße Tod;Stratz, Rudolph;1897;m;50493
830;Arme Thea!;Stratz, Rudolph;1896;m;46269
831;Die armen Reichen;Stratz, Rudolph;1909;m;58833
832;Die kleine Elten;Stratz, Rudolph;1895;m;55878
833;Seine englische Frau;Stratz, Rudolph;1913;m;104180
834;Die ewige Burg;Stratz, Rudolph;1900;m;73075
835;Das freie Meer;Stratz, Rudolph;1908;m;78996
836;Für Dich;Stratz, Rudolph;1908;m;99990
837;Herzblut;Stratz, Rudolph;1908;m;88371
838;Hexenkessel;Stratz, Rudolph;1894;m;79345
839;Die törichte Jungfrau;Stratz, Rudolph;1900;m;82734
840;Montblanc;Stratz, Rudolph;1899;m;60712
841;Das Schiff ohne Steuer;Stratz, Rudolph;1789;m;124934
842;Unter den Linden;Stratz, Rudolph;1893;m;40622
843;Lieb Vaterland;Stratz, Rudolph;1911;m;76721
844;Saat und Ernte;Armand_(Friedrich Strubberg);1866;m;174940
845;Die weißen Götter – Zweiter Band;Stucken, Eduard;1917;m;184482
846;Das Gelübde einer dreißigjährigen Frau;Sturza, Marie Tihanyi Gräfin;1905;f;47088
847;Der Katzensteg;Sudermann, Hermann;1890;m;73712
848;Die Geheimnisse von Paris;Sue, Eugen;1844;m;205715
849;Eva Siebeck;Suttner, Bertha von;1892;f;67732
850;Jä gäll, so geit's!;Tavel, Rudolf von;1901;m;42366
851;Altaich;Thoma, Ludwig;1918;m;66678
852;Jozef Filsers Briefwexel;Thoma, Ludwig;1912;m;42954
853;Satiren;Thoma, Ludwig;1912;m;39136
854;Der Letzte vom »Admiral«;Treller, Franz;1899;m;90899
855;Der Gefangene der Aimaràs;Treller, Franz;1906;m;74647
856;Der Enkel der Könige;Treller, Franz;1904;m;79313
857;Der Sohn des Gaucho;Treller, Franz;1890;m;80511
858;Verwehte Spuren;Treller, Franz;1890;m;164671
859;Rosa und Gertrud;Töpffer, Rudolf;1839;m;75007
860;Die Rebächle;Villinger, Hermine;1910;f;42085
861;Zwei Menschen;Voß, Richard;1911;m;83142
862;Alpentragödie;Voß, Richard;1909;m;91740
863;Die Auferstandenen – Erster Band;Voß, Richard;1887;m;59050
864;Die Auferstandenen – Zweiter Band;Voß, Richard;1887;m;61213
865;Brutus, auch Du!;Voß, Richard;1916;m;97247
866;Michael Cibula;Voß, Richard;1887;m;99057
867;Villa Falconieri;Voß, Richard;1896;m;73595
868;Das Haus der Grimaldi;Voß, Richard;1917;m;41095
869;Römisches Fieber;Voß, Richard;1902;m;115613
870;Rolla;Voß, Richard;1883;m;103853
871;Im Schatten des Todes;Walloth, Wilhelm;1909;m;81009
872;Das Schatzhaus des Königs;Walloth, Wilhelm;1883;m;86280
873;Alexander in Babylon;Wassermann, Jakob;1905;m;49066
874;Sabbatai Zewi – Donna Johanna von Castilien – Geronimo de Aguilar – Sturreganz – Der Aufruhr um den Junker Ernst;Wassermann, Jakob;1913;m;93494
875;Melusine;Wassermann, Jakob;1896;m;43535
876;Der Moloch;Wassermann, Jakob;1903;m;78714
877;Die Schwestern;Wassermann, Jakob;1906;m;38141
878;Franziska;Weiß, Ernst;1916;m;59767
879;Die Galeere;Weiß, Ernst;1913;m;48458
880;Ich – der Augenzeuge;Weiß, Ernst;1897;m;77447
881;Mensch gegen Mensch;Weiß, Ernst;1919;m;41688
882;Tiere in Ketten;Weiß, Ernst;1918;m;48502
883;Adlerflug;Werner, Elisabeth;1886;f;35616
884;Fata Morgana;Werner, Elisabeth;1895;f;121695
885;Glück auf!;Werner, Elisabeth;1890;f;100966
886;Vineta;Werner, Elisabeth;1877;f;112832
887;Lebensgeschichte Tobias Knauts;Wezel, Johann Karl;1776;m;174907
888;Der Bürgermeister von Thorn;Wichert, Ernst;1900;m;205211
889;Heinrich von Plauen;Wichert, Ernst;1881;m;275728
890;Der Wilddieb;Wiechert, Ernst;1830;m;29154
891;Die leibhaftige Bosheit;Mann, Mathilde;1912;f;69452
892;Die Karlsbader Reise der leibhaftigen Bosheit;Wied, Gustav;1903;m;51709
893;Der leibhaftigen Bosheit Opus III;Wied, Gustav;1913;m;54517
894;Die Väter haben Herlinge gegessen;Wied, Gustav;1909;m;74219
895;Aus jungen Tagen;Wied, Gustav;1907;m;78410
896;Agathodämon;Wieland, Christoph Martin;1799;m;82528
897;Geschichte des Weisen Danischmend und der drei Kalender;Wieland, Christoph Martin;1775;m;73089
898;Schwester-Seele;Wildenbruch, Ernst von;1894;m;129634
899;Die alte Freundin;Wildermuth, Ottilie;1885;f;80422
900;Die Familie Ammer – Erste Abtheilung. Der Herrnhuter.;Willkomm, Ernst;1855;m;94848
901;Die Familie Ammer – Zweite Abtheilung. Moderne Götzendiener.;Willkomm, Ernst;1855;m;77236
902;Die Familie Ammer – Dritte Abtheilung. Geprüfte Seelen.;Willkomm, Ernst;1855;m;59376
903;Reeder und Matrose;Willkomm, Ernst;1857;m;82406
904;Die vier Töchter des Rittmeister Schimmelmann;Winterfeld, Adolf von;1920;m;127346
905;Fabiola oder Die Kirche der Katakomben;Wiseman, Kardinal;1854;m;143984
906;Die Göttin die da harret;Wit, Augusta de;1908;f;85065
907;Das kleine Glück;Wohlbrück, Olga;1910;f;50395
908;Du sollst ein Mann sein;Wohlbrück, Olga;1900;f;88780
909;Der Raubgraf;Wolff, Julius;1884;m;108262
910;Das schwarze Weib;Wolff, Julius;1894;m;76444
911;Der Sülfmeister;Wolff, Julius;1883;m;155351
912;Das Wildfangrecht;Wolff, Julius;1907;m;65395
913;Das dritte Geschlecht;Wolzogen, Ernst von;1899;m;57744
914;Die Erbschleicherinnen, Band 1;Wolzogen, Ernst von;1895;m;53839
915;Die Erbschleicherinnen - Zweiter Band;Wolzogen, Ernst von;1895;m;58075
916;Die Kinder der Excellenz;Wolzogen, Ernst von;1888;m;52655
917;Der Kraft-Mayr;Wolzogen, Ernst v.;1897;m;102151
918;Der Thronfolger - Erster Band;Wolzogen, Ernst von;1892;m;41388
919;Der Thronfolger – Zweiter Band;Wolzogen, Ernst von;1892;m;39713
920;Der schweizerische Robinson;Wyss, Johann David;1812;m;127009
921;Das Naturforscherschiff;Wörishöffer, Sophie;1880;f;158835
922;Onnen Visser - Der Schmugglersohn von Norderney;Wörishöffer, Sophie;1885;f;200666
923;Das Liebesleben eines deutschen Jünglings;Zapp, Arthur;1920;m;66014
924;Zwischen Mann und Frau;Zapp, Arthur;1914;m;61727
925;Drei Mädchen am Spinnrad;Zobeltitz, Fedor von;1912;m;84584
926;Besser Herr als Knecht;Zobeltitz, Fedor von;1900;m;90054
927;Die Million;Zolling, Theophil;1893;m;104667
928;Die Rose von Disentis;Zschokke, Heinrich;1822;m;76136
929;Der Flüchtling im Jura;Zschokke, Heinrich;1822;m;38317
930;Das Abenteuer der Neujahrsnacht;Zschokke, Heinrich;1818;m;15794
931;Der Maskenball in der Ca' Torcelli;Adlersfeld-Ballestrem, Eufemia von;1910;f;68411
932;Die Geächteten;Alexis, Willibald;1825;m;51197
933;Der schwarze Koffer;Autor, Unbekannter;1846;m;43942
934;Familie Dungs;Aram, Kurt;1913;m;79073
935;Der Tod Georgs;Beer-Hofmann, Richard;1900;m;36893
936;Frau Hempels Tochter;Berend, Alice;1912;f;47467
937;Der Wilde Freiger;Betsch, Roland;1919;m;61604
938;Geheimnisvolle Kräfte;Blüthgen, Viktor von;1920;m;62908
939;In frischem Wasser;Böhlau, Helene;1891;f;72124
940;Der gewürzige Hund;Böhlau, Helene;1916;f;64507
941;Halbtier!;Böhlau, Helene;1899;f;44685
942;Das Haus zur Flamm';Böhlau, Helene;1907;f;65837
943;Das Recht der Mutter;Böhlau, Helene;1896;f;83436
944;Die Nann;Croissant-Rust, Anna;1906;f;73742
945;Winkelquartett;Croissant-Rust, Anna;1908;f;51839
946;Vom Mars zur Erde;Daiber, Albert;1910;m;35800
947;Flitter und Schein;Dransfeld, Hedwig;1913;f;38288
948;Don Adone;Waldmüller, Robert_(Charles Edouard Duboc);1883;m;99481
949;Kleopatra;Ebers, Georg;1894;m;140248
950;Bebuquin;Einstein, Carl;1912;m;12988
951;Frieden I;Eschstruth, Nataly von;1899;f;57135
952;Frieden II;Eschstruth, Nataly von;1905;f;51169
953;Hazard. Erster Band;Eschstruth, Nataly von;1870;f;57068
954;Hazard. Zweiter Band;Eschstruth, Nataly von;1887;f;51897
955;Alraune;Ewers, Hanns Heinz;1899;m;90801
956;Der Zauberlehrling oder die Teufelsjäger;Ewers, Hanns Heinz;1909;m;102804
957;Berge und Menschen;Federer, Heinrich;1911;m;148221
958;Ein Kampf ums Recht;Franzos, Karl Emil;1893;m;139886
959;Die drei Getreuen;Frenssen, Gustav;1898;m;119165
960;Peter Moors Fahrt nach Südwest;Frenssen, Gustav;1911;m;41419
961;Jörn Uhl;Frenssen, Gustav;1901;m;140789
962;Die Berliner Range. Lotte Bach's Hochzeitsreise. Band X.;Georgy, Ernst;1898;m;38053
963;Die Berliner Range. Frau Lotte in Rußland. Band XI.;Georgy, Ernst;1899;m;44356
964;Die Berliner Range. Lotte als Mutter! Band XII.;Georgy, Ernst;1900;m;40728
965;Die Berliner Range - Neue Bekenntnisse. Band I.;Georgy, Ernst;1900;m;49004
966;Die Berliner Range - Neue Bekenntnisse. Band II.;Georgy, Ernst;1900;m;45397
967;Die Berliner Range - Neue Bekenntnisse. Band III.;Georgy, Ernst;1900;m;35086
968;Die Berliner Range - Neue Bekenntnisse. Band IV.;Georgy, Ernst;1900;m;36240
969;Die Berliner Range – Lotte Bach als Braut. Band V.;Georgy, Ernst;1900;m;39027
970;Die Berliner Range - Berlin, wie es ißt und trinkt. Band VI.;Georgy, Ernst;1901;m;34824
971;Die Berliner Range VII - Prosit Brautpaar!;Georgy, Ernst;1900;m;36181
972;Die Berliner Range VIII - Berlin wie es lebt und liebt;Georgy, Ernst;1901;m;35074
973;Die Berliner Range. Hochzeitsvorbereitungen. Band IX.;Georgy, Ernst;1900;m;38300
974;Heimisbach;Gfeller, Simon;1911;m;92681
975;Masaniello;Glaser, Adolf;1888;m;103132
976;Savonarola;Glaser, Adolf;1883;m;125136
977;Schlitzwang;Glaser, Adolf;1878;m;67994
978;Wulfhilde;Glaser, Adolf;1880;m;99125
979;Zeitgeist und Berner Geist;Gotthelf, Jeremias;1852;m;201997
980;Im Banne des Schwarzen Adlers;Gottschall, Rudolf von;1876;m;181762
981;Parasiten;Gottschall, Rudolf von;1906;m;102265
982;Firnenrausch;Grabein, Paul;1906;m;55556
983;In Jena ein Student;Grabein, Paul;1890;m;78349
984;Der König von Thule;Grabein, Paul;1907;m;50762
985;Die vom Rauhen Grund;Grabein, Paul;1914;m;88914
986;Ursula Drenck;Grabein, Paul;1919;m;60521
987;Du mein Jena!;Grabein, Paul;1900;m;56652
988;In der Philister Land;Grabein, Paul;1903;m;55053
989;Im Wechsel der Zeit;Grabein, Paul;1900;m;63438
990;Unsere liebe Frau. Erster Band;Grad, Max;1904;m;64270
991;Unsere liebe Frau. Zweiter Band;Grad, Max;1906;m;86673
992;Heilige und Menschen;Grazie, Marie Eugenie Delle;1909;f;115840
993;Töte sie!;Groller, Balduin;1892;m;45184
994;Der Genius;Grosse, Karl;1791;m;168733
995;Ravensbeck;Grosse, Julius;1909;m;41859
996;Die Partei;Großmann, Stefan;1919;m;75625
997;Seraphine;Gutzkow, Karl;1837;m;50210
998;Abraham Abt;Hadwiger, Victor;1912;m;46945
999;Il Pantegan;Hadwiger, Victor;1919;m;20645
1000;Jo;Halbe, Max;1917;m;89883
1001;Die Tat des Dietrich Stobäus;Halbe, Max;1911;m;100186
1002;Drei Teilhaber;Harte, Bret;1901;m;67013
1003;Das Geheimnis der Sierra;Harte, Bret;1905;m;40090
1004;Die goldene Schlange;Heiberg, Hermann;1883;m;58434
1005;Trotzige Herzen;Heimburg, Wilhelmine;1898;f;94697
1006;Doktor Herzfeld. Erster Teil. Die Nacht;Hermann, Georg;1912;m;70899
1007;Doktor Herzfeld.Zweiter Teil. Schnee;Hermann, Georg;1913;m;85356
1008;Henriette Jacoby;Hermann, Georg;1908;m;94495
1009;Jettchen Gebert;Hermann, Georg;1906;m;120975
1010;Kubinke;Hermann, Georg;1910;m;86262
1011;Heinrich Schön jun.;Hermann, Georg;1915;m;91006
1012;Einen Sommer lang;Hermann, Georg;1917;m;67202
1013;Das große Heimweh;Herzog, Rudolf;1913;m;116992
1014;Die Wiskottens;Herzog, Rudolf;1905;m;97469
1015;Am Kreuz;Hillern, Wilhelmine von;1890;f;169207
1016;Die Sonne von St. Moritz;Höcker, Paul Oskar;1910;m;53750
1017;Der eiserne Rittmeister;Hoffmann, Hans;1890;m;133373
1018;Moschele;Hoffmann, Franz;1854;m;28052
1019;Arge Sitten;Hopfen, Hans;1869;m;83592
1020;Robert Leichtfuß;Hopfen, Hans;1888;m;137784
1021;Peregretta;Hopfen, Hans;1864;m;53277
1022;Ein Dieb in der Nacht;Hornung, Ernest William;1908;m;51677
1023;Ein Einbrecher aus Passion;Hornung, Ernest William;1903;m;55397
1024;Raffles als Richter;Hornung, Ernest William;1912;m;60591
1025;Der Schatten des Stricks. Erster Band;Hornung, Ernest William;1906;m;41946
1026;Der Schatten des Stricks. Zweiter Band;Hornung, Ernest William;1907;m;40627
1027;Schüsse in der Nacht;Hruschka, Annie;1914;f;53239
1028;Das silberne Auto;Hruschka, Annie;1910;f;35095
1029;Peter Michel;Huch, Friedrich;1901;m;78779
1030;Wilhelm Brinkmeyers Abenteuer;Huch, Rudolf;1911;m;92477
1031;Unter einem Dach;Hübener, Helene;1897;f;80172
1032;Die drei Freundinnen;Hübener, Helene;1899;f;75724
1033;Großmütterchen;Hübener, Helene;1902;f;75595
1034;Aus dem Leben einer Waise;Hübener, Helene;1912;f;69486
1035;Maria und Lisa;Hübener, Helene;1904;f;69735
1036;Die Nachbarn;Hübener, Helene;1914;f;72293
1037;Im Rosenhaus;Hübener, Helene;1910;f;51592
1038;Der Stern des Orsini;Huna, Ludwig;1920;m;107828
1039;Der rote Teufel;Janitschek, Maria;1916;f;45829
1040;Die Sebalds. Erster Band. Im alten Hause.;Jordan, Wilhelm;1885;m;69043
1041;Die Sebalds. Zweiter Band. Exodus;Jordan, Wilhelm;1885;m;69024
1042;Der Obstkahn am Elisabethufer;Kabel, Walter;1878;m;16089
1043;Am Ende der Welt;Kabel, Walter;1878;m;46705
1044;Wiener Kinder;Karlweis, Carl;1887;m;105252
1045;Michael Hely;Karrillon, Adam;1904;m;104406
1046;Ferien vom Ich;Keller, Paul;1915;m;77257
1047;Papas Junge;Koch, Henny;1905;f;93384
1048;Die Patentochter des alten Fritz;Koch, Henny;1916;f;69203
1049;Im Haus der Witwe;Kohlrausch, Robert;1901;m;92336
1050;Am toten See;Kohlrausch, Robert;1914;m;58213
1051;Die Jobsiade;Kortum, Carl Arnold;1799;m;24425
1052;Tubal der Friedlose;Krag, Thomas P.;1910;m;49855
1053;Mein Herz;Lasker-Schüler, Else;1912;f;22801
1054;Mascotte;Leipziger, Leo;1920;m;52098
1055;Die neuen Linden;Leipziger, Leo;1920;m;22656
1056;Der Rettungsball;Leipziger, Leo;1912;m;33520
1057;El Dorado;Mader, Friedrich Wilhelm;1900;m;142195
1058;Wunderwelten;Mader, Friedrich Wilhelm;1911;m;98517
1059;Ilsedores Glück;Mancke, Marie;1905;f;21939
1060;Die Gefangenen der Apachen. Erster Band;Margot, Paul;1868;m;54876
1061;Die Gefangenen der Apachen. Zweiter Band;Margot, Paul;1868;m;71170
1062;Der blaurote Methusalem;May, Karl;1892;m;157026
1063;Das Monogramm;Möllhausen, Balduin;1874;m;210275
1064;Berlin und Sanssouci oder Friedrich der Große und seine Freunde. Erstes Buch;Mühlbach, Luise;1859;f;44577
1065;Berlin und Sanssouci oder Friedrich der Große und seine Freunde. Zweites Buch;Mühlbach, Luise;1859;f;51499
1066;Berlin und Sanssouci oder Friedrich der Große und seine Freunde. Drittes Buch;Mühlbach, Luise;1859;f;57882
1067;Berlin und Sanssouci oder Friedrich der Große und seine Freunde. Viertes Buch;Mühlbach, Luise;1859;f;58270
1068;Die Millionenbraut. Erster Band;Dumas-Mützelburg;1914;m;57471
1069;Die Millionenbraut. Zweiter Band;Dumas-Mützelburg;1914;m;61106
1070;Die Millionenbraut. Dritter Band;Dumas-Mützelburg;1914;m;53801
1071;Die Millionenbraut. Vierter Band;Dumas-Mützelburg;1914;m;44632
1072;Die rote Tinktur;Nordhausen, Richard;1895;m;113074
1073;Jakob van der Nees. Erster Theil. Angela;Paalzow, Henriette;1788;f;77334
1074;Jakob van der Nees. Zweiter Theil. Urica;Paalzow, Henriette;1788;f;84370
1075;Jakob van der Nees. Dritter Theil. Floripes;Paalzow, Henriette;1788;f;79897
1076;Die Tänzerin Barberina;Paul, Adolf;1915;m;105414
1077;Der kluge Pitter;Perfall, Karl von;1918;m;71222
1078;Der Grabenhäger;Polenz, Wilhelm von;1897;m;154590
1079;Thekla Lüdekind. Erster Band;Polenz, Wilhelm von;1900;m;98268
1080;Thekla Lüdekind. Zweiter Band;Polenz, Wilhelm von;1900;m;90370
1081;Drude;Prellwitz, Gertrud;1920;f;50096
1082;Die Erde bebt!;Primer, Fred. W.;1906;m;50007
1083;Frau Übersee;Reck-Malleczewen, Fritz;1918;m;32895
1084;Sebastopol. Erster Band;Retcliffe, John;1856;m;210828
1085;Sebastopol. Zweiter Band;Retcliffe, John;1860;m;223769
1086;Der Tiger;Revel, Hugo Alphonso;1908;m;62837
1087;Die Grandidiers;Rodenberg, Julius;1878;m;146847
1088;Orion;Roquette, Otto;1851;m;68238
1089;Der Stegreifritter;Rosegger, Hans Ludwig;1909;m;30824
1090;Der sechste Sinn;Rosenkrantz, Palle;1913;m;65282
1091;Gräfin Polly;Rosenkrantz, Palle Adam Vilhelm;1907;m;43517
1092;Kerlchens Mutterglück. Provinzmädel Band IX;Rose, Felicitas;1902;f;37914
1093;Bertrade. Die Chronik des Mönchs von Le Saremon;Rüttenauer, Benno;1918;m;55826
1094;Die Enkelin der Liselotte;Rüttenauer, Benno;1912;m;30348
1095;Der Kardinal;Rüttenauer, Benno;1912;m;49787
1096;Prinzessin Jungfrau;Rüttenauer, Benno;1911;m;65100
1097;Ein Namenloser;Sack, Gustav;1919;m;43471
1098;Florian – Das Pferd des Kaisers;Salten, Felix;1919;m;40603
1099;Werden und Wachsen;Sapper, Agnes;1910;f;82834
1100;Huberta Sollacher;Schanz, Frida;1903;f;63959
1101;Subotins Erbe;Schlippenbach, Freifrau G. von;1904;f;26905
1102;Theaterkinder;Schumacher, Tony;1912;f;51478
1103;Joli;Siebe, Josephine;1900;f;40874
1104;Die Tasse des Königs;Siebe, Josephine;1916;f;32953
1105;Jan Blaufink oder See und Theater;Smidt, Heinrich;1864;m;88019
1106;Burschen heraus!;Sperl, August;1914;m;138044
1107;Hans Georg Portner;Sperl, August;1901;m;88464
1108;Richiza;Sperl, August;1909;m;68446
1109;Die Fahrt nach der alten Urkunde;Sperl, August;1893;m;52608
1110;Angela;Spielhagen, Friedrich;1881;m;134189
1111;Ein neuer Pharao;Spielhagen, Friedrich;1889;m;113039
1112;Sturmflut. Erste Abteilung;Spielhagen, Friedrich;1877;m;102429
1113;Sturmflut. Zweite Abteilung;Spielhagen, Friedrich;1877;m;130642
1114;Was will das werden? Erster Theil;Spielhagen, Friedrich;1885;m;166288
1115;Was will das werden? Zweiter Theil;Spielhagen, Friedrich;1885;m;125223
1116;Wo Gritlis Kinder hingekommen sind;Spyri, Johanna;1884;f;34568
1117;Gritlis Kinder kommen weiter;Spyri, Johanna;1886;f;31594
1118;Europa;Sternheim, Carl;1919;m;61062
1119;Der Stärn vo Buebebärg;Tavel, Rudolf von;1907;m;71717
1120;Der Advokatenbauer;Theden, Dietrich;1899;m;55594
1121;Tutu;Ungern-Sternberg, Alexander von;1846;m;43668
1122;Vierzehn Jahr' und sieben Wochen;Ury, Else;1911;f;82837
1123;Baumeisters Rangen;Ury, Else;1910;f;56187
1124;Dornröschen;Ury, Else;1916;f;76540
1125;Flüchtlingskinder;Ury, Else;1918;f;52261
1126;Goldblondchen;Ury, Else;1908;f;44763
1127;Das graue Haus;Ury, Else;1914;f;76713
1128;Nesthäkchens Backfischzeit;Ury, Else;1919;f;55011
1129;Nesthäkchen im Kinderheim;Ury, Else;1915;f;54592
1130;Nesthäkchen und der Weltkrieg;Ury, Else;1917;f;54560
1131;Nesthäkchen und ihre Puppen;Ury, Else;1913;f;41465
1132;Nesthäkchens erstes Schuljahr;Ury, Else;1915;f;44184
1133;Kommerzienrats Olly;Ury, Else;1913;f;65976
1134;Studierte Mädel von heute;Ury, Else;1906;f;49789
1135;Die Pfahlburg;Vleuten, Carl Ferdinand van;1909;m;28949
1136;Komtesse Helene;Wachenhusen, Hans;1900;m;38564
1137;Miß Lydia;Wachenhusen, Hans;1882;m;23618
1138;Was die Straße verschlingt. Erster Band;Wachenhusen, Hans;1882;m;44103
1139;Was die Straße verschlingt. Zweiter Band;Wachenhusen, Hans;1882;m;40675
1140;Was die Straße verschlingt. Dritter Band;Wachenhusen, Hans;1882;m;48984
1141;Gisli der Waldgänger aus Islands Heldenzeit;Weber, Leopold;1916;m;33652
1142;Der Teppich des Grauens;Weinert-Wilton, Louis;1900;m;80681
1143;Der Todfeind;Westkirch, Luise;1912;f;68267
1144;Die tolle Komteß;Wolzogen, Ernst von;1889;m;93536
1145;Durch graue Gassen;Wothe, Anny;1915;f;66400
1146;Auf hoher Warte;Wothe, Anny;1915;f;66558
